id,brand,name,scale,serial_number,category_family,category_subject,scalemates_url
203,AMT,1958 Chevy Impala,1/25,T273,automotive,car,https://www.scalemates.com/kits/amt-t273-225-1958-chevy-impala--983737
204,AMT,32 Ford Five-Window Coupe,1/25,T147,automotive,car,https://www.scalemates.com/kits/amt-t147-32-ford-five-window-coupe--1153650
205,AMT,32 Ford Phaeton,1/25,A125,automotive,car,https://www.scalemates.com/kits/amt-a125-32-ford-phaeton--1153600
206,AMT,34 Ford Pickup,1/25,T145,automotive,car,https://www.scalemates.com/kits/amt-t145-34-ford-pickup--208913
207,AMT,40 Ford Sedan Delivery,1/25,T149,commercial_vehicle,truck,https://www.scalemates.com/kits/amt-t149-40-ford-sedan-delivery--1153651
208,AMT,53 Ford Pickup Street Rods,1/25,T410,automotive,car,https://www.scalemates.com/kits/amt-t410-53-ford-pickup--1153986
209,AMT,55 Chevy Nomad,1/25,T289,automotive,car,https://www.scalemates.com/kits/amt-t289-55-chevy-nomad--946950
250,AMT,56 Ford Victoria Hardtop,1/25,T271-200,automotive,car,https://www.scalemates.com/kits/amt-t271-200-56-ford-victoria-hardtop--1153815
27,AMT,57 Chevy Bel Air Hardtop,1/25,31543,automotive,car,https://www.scalemates.com/kits/amt-t280-57-chevy-bel-air-hardtop--1153871
210,AMT,59 Chevy El Camino,1/25,T398,automotive,car,https://www.scalemates.com/kits/amt-t398-59-chevy-el-camino--965615
211,AMT,63 Corvette Stingray,1/25,A163,automotive,car,https://www.scalemates.com/kits/amt-a163-63-corvette--176546
212,AMT,65 Ford Galaxie XL,1/25,T407,automotive,car,https://www.scalemates.com/kits/amt-t407-65-ford-galaxie-xl--1266213
28,AMT,American Lafrance Ladder Chief Rear Mounted Aerial Ladder Truck,1/25,T511,commercial_vehicle,truck,https://www.scalemates.com/de/kits/amt-t511-ladder-chief--1387435
213,AMT,Aquarod Race Team,1/25,T-561,automotive,car,https://www.scalemates.com/kits/amt-t-561-aquarod-race-team--988905
214,AMT,Autocar A64B tractor,1/25,T-526,commercial_vehicle,truck,https://www.scalemates.com/kits/amt-t-526-autocar-a64b-tractor--964687
215,AMT,Bobby Allison Malibu Chevy,1/25,T373,automotive,race_car,https://www.scalemates.com/kits/amt-t373-bobby-allison-malibu-chevy--1273944
216,AMT,Chevy Titan 90,1/25,T-509,automotive,car,https://www.scalemates.com/de/kits/amt-t-509-chevy-titan-90--570134
251,AMT,Corvair Custom,1/25,T159,automotive,car,https://www.scalemates.com/kits/amt-t159-corvair-custom--965563
217,AMT,Crew Chief,1/25,T340-225,automotive,car,https://www.scalemates.com/kits/amt-t340-225-crew-chief--1153940
220,AMT,DRAGRAY Corvette Funny Car,1/25,T352,automotive,race_car,https://www.scalemates.com/kits/amt-t352-dragray-corvette-funny-car--1342926
218,AMT,Diamond Reo,1/25,T537,commercial_vehicle,truck,https://www.scalemates.com/kits/amt-t537-diamond-reo--964703
219,AMT,Dodge Nitro Charger,1/25,T179-225,automotive,car,https://www.scalemates.com/kits/amt-t179-225-dodge-nitro-charger--1153682
252,AMT,Exterior post van,1/43,T-704,commercial_vehicle,truck,https://www.scalemates.com/kits/amt-t-704-exterior-post-van--176561
387,AMT,Ford C-600 City Delivery,1/25,T-548/ T596,commercial_vehicle,truck,https://www.scalemates.com/kits/amt-t-548-ford-c-600-city-delivery--988860
221,AMT,Ford LNT-8000 Tractor,1/25,T-504,commercial_vehicle,truck,https://www.scalemates.com/kits/amt-t-504-ford-lnt-8000-tractor--391027
222,AMT,"Fruehauf 40ft. Reefer ""Watkins""",1/25,T507,commercial_vehicle,trailer,https://www.scalemates.com/de/kits/amt-t-531-tanker-semi-trailer--670562
253,AMT,Fruehauf FB 40 Foot Refrigerator Van Reefer,1/43,T-701,commercial_vehicle,trailer,https://www.scalemates.com/kits/amt-t-701-reefer--1183455
388,AMT,Fruehauf Flatbed Trailer,1/25,T-545,commercial_vehicle,trailer,https://www.scalemates.com/kits/amt-t-545-flatbed-trailer--674645
29,AMT,"Fruehauf Tanker Semi Trailer ""Union 76"" & ""Gulf""",1/25,T-531,commercial_vehicle,trailer,https://www.scalemates.com/de/kits/amt-t-531-tanker-semi-trailer--670562
223,AMT,Gremlin X,1/25,T368 / T427,automotive,car,https://www.scalemates.com/kits/amt-t368-250-gremlin-x--1158526
224,AMT,Gurney/Jorgensen Eagle,1/25,T255,automotive,car,https://www.scalemates.com/kits/amt-t255-jorgensen-eagle--210196
225,AMT,Kandy Van,1/25,T-246,commercial_vehicle,truck,https://www.scalemates.com/kits/amt-t-246-kandy-van--963125
31,AMT,"Kenworth Conventional W-925 ""Watkins""",1/25,T-519,commercial_vehicle,truck,https://www.scalemates.com/de/kits/amt-t-519-kenworth-conventional-w-925--178231
30,AMT,Kenworth K-123 Cabover,1/25,687,commercial_vehicle,truck,https://www.scalemates.com/kits/amt-687-kenworth--142273
226,AMT,"Kenworth W-925 ""Watkins"" /  ""Movin' On"" Kenworth Truck Tractor",1/25,T-519 / T-560,commercial_vehicle,truck,https://www.scalemates.com/de/kits/amt-t-519-kenworth-conventional-w-925--178231
227,AMT,McLaren M16 C/D,1/25,T260,automotive,race_car,https://www.scalemates.com/kits/amt-t260-mclaren-m16-c-d--210192
228,AMT,Mercedes-Benz 300SL,1/25,T412,automotive,car,https://www.scalemates.com/kits/amt-t412-mercedes-benz-300sl--1109753
229,AMT,Modern Classics Studebaker Avanti,1/25,T413,commercial_vehicle,truck,https://www.scalemates.com/kits/amt-t413-studebaker-avanti--1150507
230,AMT,Mopower Plymouth Funny Car T351,1/25,T351,automotive,race_car,https://www.scalemates.com/kits/amt-t351-plymouth-funny-car--974586
231,AMT,Mustang GT Road Racer,1/25,T385,automotive,car,https://www.scalemates.com/kits/amt-t385-mustang-gt-road-racer--1074714
232,AMT,Mustang High Roller,1/25,T157,automotive,car,https://www.scalemates.com/kits/amt-t157-mustang-high-roller--209931
233,AMT,New Camaro,1/25,T458,automotive,car,https://www.scalemates.com/kits/amt-t458-new-camaro--1157982
234,AMT,New Ford Pickup,1/25,T387,automotive,car,https://www.scalemates.com/kits/amt-t387-ford-pickup--261461
235,AMT,New Rear Engine AA/Fueler,1/25,T174-225,industrial,component,https://www.scalemates.com/kits/amt-amt1253-tommy-ivo--1409156
236,AMT,Nirvana Custom Chevy Van,1/25,T-394,commercial_vehicle,truck,https://www.scalemates.com/kits/amt-t-394-custom-chevy-van--949011
249,AMT,Nova Pro Stock,1/25,43-8601,automotive,car,https://www.scalemates.com/kits/amt-43-8601-nova-pro-stock--210284
237,AMT,Penske Indy Special,1/25,T-264,automotive,car,https://www.scalemates.com/kits/amt-t-264-penske-indy-special--1117209
238,AMT,Penske Racing Team,1/25,T565,automotive,car,https://www.scalemates.com/kits/amt-t565-penske-racing-team--1014197
254,AMT,Peterbilt 359 (1/43 T'N'T Series),1/43,T-700,commercial_vehicle,truck,https://www.scalemates.com/kits/amt-t-700-peterbilt-359-conventional--964706
32,AMT,Peterbilt 359 California Hauler,1/25,T-500,commercial_vehicle,truck,https://www.scalemates.com/kits/amt-t-500-california-hauler--949034
239,AMT,Peterbilt Cabover Pacemaker 352 Tractor,1/25,T502,commercial_vehicle,truck,https://www.scalemates.com/kits/amt-t502-peterbilt-cabover--687221
240,AMT,Peterbilt Wrecker,1/25,T522,commercial_vehicle,truck,https://www.scalemates.com/kits/amt-t-522-peterbilt-wrecker--964717
241,AMT,Right On! MAVERICK DRAG PRO STOCKER,1/25,T348-225,automotive,car,https://www.scalemates.com/kits/amt-t348-225-right-on--1510377
242,AMT,Steve McGee Black Beauty Wedge Dragster,1/25,T176,automotive,car,https://www.scalemates.com/kits/amt-1214-steve-mcgee-black-beauty-wedge-dragster--1317008
243,AMT,The Champ Mustang II Funny Car,1/25,T-350,automotive,race_car,https://www.scalemates.com/kits/amt-t-350-mustang-ii-funny-car--1097743
244,AMT,Trailmobile/Allied Moving Van,1/25,T-564,commercial_vehicle,trailer,https://www.scalemates.com/kits/amt-t-564-moving-van--675306
245,AMT,Twin Engine Dragster Two Much,1/25,T400-225,industrial,component,https://www.scalemates.com/kits/amt-ertl-21489p-two-much--209908
246,AMT,White Freightliner Dual Drive Truck Tractor,1/25,T-568,commercial_vehicle,truck,https://www.scalemates.com/kits/amt-t-568-white-freightliner--683339
33,AMT,White Road Boss,1/25,648,automotive,car,https://www.scalemates.com/kits/amt-t-527-white-road-boss--953598
247,AMT,White Western Star,1/25,T-541,automotive,car,https://www.scalemates.com/kits/amt-t-541-white-western-star--964711
248,AMT,Wilson Livestock Van,1/25,T-594,commercial_vehicle,truck,https://www.scalemates.com/de/kits/amt-t-594-livestock-van--601336
34,AMT/ERTL,International Payhauler 350,1/25,38469,automotive,car,https://www.scalemates.com/de/kits/amt-ertl-38469-international-payhauler-350--104718
256,ARII,British Army Medium Tank Chieftain,No scale,No number,military_ground,afv,https://www.scalemates.com/kits/arii-chieftain--1540139
257,ARII,Russian Heavy Tank T-10 Stalin,No scale,No number,military_ground,afv,https://www.scalemates.com/kits/arii-t-10-stalin--1510696
1,Aavid,Aavid 325705B00000G 52aeef,,,industrial,component,
2,Airfix,Apollo Saturn V,1/144,09170-5,space,rocket,https://www.scalemates.com/kits/airfix-a11170-apollo-saturn-v--109424
13,Airfix,Arado Ar 196,1/72,02019-0,aircraft,military_aircraft,https://www.scalemates.com/kits/airfix-02019-0-arado-ar-196--976217
24,Airfix,B-24 Liberator,1/72,4-129,aircraft,military_aircraft,https://www.scalemates.com/de/kits/airfix-05006-3-b-24j-liberator--147037
10,Airfix,Bismarck,1/600,A04204,naval,warship,https://www.scalemates.com/kits/airfix-04204-2-bismarck--222380
174,Airfix,Bismarck / Tirpitz,1/600,F404S / F409S / 04209-7 / 04204-2,naval,warship,https://www.scalemates.com/kits/airfix-04204-2-bismarck--222380
180,Airfix,Black Widow,1/72,04006-0,aircraft,military_aircraft,https://www.scalemates.com/de/kits/airfix-04006-0-black-widow--130308
23,Airfix,Black Widow Airfix,1/72,04006-0,aircraft,military_aircraft,https://www.scalemates.com/de/kits/airfix-04006-0-northrop-p-61-black-widow--211430
169,Airfix,Boeing 727,1/144,SK503 / 1655/8 / 03173-6,aircraft,civil_aircraft,https://www.scalemates.com/kits/airfix-sk503-boeing-727--170708
26,Airfix,Buffalo & Jeep,1/76,02302-9,military_ground,afv,https://www.scalemates.com/de/kits/airfix-02302-9-buffalo-and-jeep--181555
170,Airfix,DC-9-30,1/144,03176-5 / 03176-5,aircraft,civil_aircraft,https://www.scalemates.com/kits/airfix-03176-5-mcdonnell-dc-9-30--144121
181,Airfix,De Havilland Mosquito,1/72,399 / 03019-3,aircraft,military_aircraft,https://www.scalemates.com/kits/airfix-399-h-mosquito--186904
25,Airfix,Focke-Wulf 189,1/72,267,aircraft,military_aircraft,https://www.scalemates.com/de/kits/airfix-02027-focke-wulf-fw-189--1410547
9,Airfix,Graf Spee,1/600,04211-0,naval,warship,https://www.scalemates.com/de/kits/airfix-04211-0-graf-spee--934781
175,Airfix,H.M.S. Ark Royal,1/600,F408S,naval,warship,https://www.scalemates.com/kits/airfix-f408s-hms-ark-royal--130309
176,Airfix,H.M.S. Belfast,1/600,04212-3,naval,warship,https://www.scalemates.com/kits/airfix-04212-3-hms-belfast--222390
379,Airfix,H.M.S. Campbelltown,1/600,F.4S / F4S / S2-39 / 01204-3,naval,warship,https://www.scalemates.com/kits/airfix-f4s-hms-campbeltown--1011014
177,Airfix,H.M.S. Devonshire,1/600,03202-3,naval,warship,https://www.scalemates.com/kits/airfix-03202-3-hms-devonshire--130316
168,Airfix,H.M.S. Hood,1/1200,02701-2,naval,warship,https://www.scalemates.com/kits/airfix-02701-2-hms-hood--183641
178,Airfix,H.M.S. Nelson,1/600,F403S / 04203-9,naval,warship,https://www.scalemates.com/kits/airfix-f403s-hms-nelson--222405
380,Airfix,H.M.S. Warspite,1/600,F405S / 04205-5,naval,warship,https://www.scalemates.com/kits/airfix-f405s-hms-warspite--1086713
21,Airfix,H.P. Halifax,1/72,05004-7,aircraft,military_aircraft,https://www.scalemates.com/kits/airfix-05004-7-hp-halifax-biii--171782
11,Airfix,H.P. O/400,1/72,05010-2,aircraft,military_aircraft,https://www.scalemates.com/kits/airfix-05010-2-hp-o-400--977988
183,Airfix,Handley Page Halifax B.Mk.III,1/72,584,aircraft,military_aircraft,https://www.scalemates.com/kits/airfix-584-halifax-bmkiii--171780
184,Airfix,Handley Page Hampden,1/72,491 / 04011-2,aircraft,military_aircraft,https://www.scalemates.com/kits/airfix-04011-2-handley-page-hampden--145438
185,Airfix,Handley Page Jetstream,1/72,392 / 03012-2,aircraft,military_aircraft,https://www.scalemates.com/kits/airfix-392-handley-page-jetstream--181800
186,Airfix,Handley Page O/400,1/72,590 / 05010-2,aircraft,military_aircraft,https://www.scalemates.com/kits/airfix-05010-2-hp-o-400--977988
17,Airfix,Handleypage Hampton,1/72,04011-2,aircraft,military_aircraft,https://www.scalemates.com/kits/airfix-04011-2-handley-page-hampden--145438
18,Airfix,Harrow,1/76,04652-7,aircraft,military_aircraft,https://www.scalemates.com/de/kits/airfix-04652-7-harrow--182102
173,Airfix,Hawker Harrier,1/24,09601-4,aircraft,military_aircraft,https://www.scalemates.com/de/kits/airfix-a18001v-hawker-siddeley-harrier-gr1--1396843
4,Airfix,Hawker Hurricane Mk1,1/24,14002,aircraft,military_aircraft,https://www.scalemates.com/de/kits/airfix-14002-5-hawker-hurricane-mk-1--953213
3,Airfix,Hawker Siddeley Harrier GR.1 Vintage Classics Airfix,1/24,A18001V,aircraft,military_aircraft,https://www.scalemates.com/de/kits/airfix-a18001v-hawker-siddeley-harrier-gr1--1396843
171,Airfix,Hawker Siddeley Trident 1C,1/144,SK504 / 1655/9 / 03174-9 / 03174-9,aircraft,civil_aircraft,https://www.scalemates.com/kits/airfix-sk504-trident--170715
187,Airfix,Henschel H.S.129,1/72,262.0,aircraft,military_aircraft,https://www.scalemates.com/de/kits/airfix-262-henschel-hs129--178973
188,Airfix,Hovercraft,1/72,287,aircraft,military_aircraft,https://www.scalemates.com/kits/airfix-287-hovercraft--1505029
14,Airfix,ILYUSHIN I.L.28,1/72,490,aircraft,military_aircraft,https://www.scalemates.com/de/kits/airfix-490-ilyushin-il28--130427
381,Airfix,LCM III & Sherman Tank,1/76,A301V / 03301-9,military_ground,afv,https://www.scalemates.com/kits/airfix-03301-9-lcm3-and-sherman--181618
15,Airfix,Lockheed Hudson,1/72,03006-7,aircraft,military_aircraft,https://www.scalemates.com/kits/airfix-03006-7-lockheed-hudson-i--145445
382,Airfix,Matilda Tank,1/76,01318-1 /,military_ground,afv,https://www.scalemates.com/kits/airfix-01318-1-matilda-tank--181633
5,Airfix,Messerschmitt Bf109E,1/24,A12002V,aircraft,military_aircraft,https://www.scalemates.com/de/kits/airfix-a12002v-messerschmitt-bf109e--1260863
22,Airfix,P-38F Lightning,1/72,03018-0,aircraft,military_aircraft,https://www.scalemates.com/de/kits/airfix-03018-0-lockheed-p-38f-lightning--166022
6,Airfix,P-51D Mustang,1/24,14001 2,aircraft,military_aircraft,https://www.scalemates.com/de/kits/airfix-14001-north-american-p-51d-mustang--170964
191,Airfix,Panther Tank,1/76,A2V / M3-49 / 09652-2 / 01302-6,military_ground,afv,https://www.scalemates.com/kits/airfix-a2v-pzkw-v-panther-tank--181740
20,Airfix,Panzer IV Vintage Classics,1/76,A02308V,military_ground,afv,https://www.scalemates.com/de/kits/airfix-a02308v-panzer-iv--1141242
182,Airfix,Phantom / McDonnell F-4 Phantom,1/72,493 / 04013-8,aircraft,military_aircraft,https://www.scalemates.com/kits/airfix-493-phantom--166989
12,Airfix,Pontoon Bridge,1/72,03383,industrial,structure,https://www.scalemates.com/de/kits/airfix-03383-pontoon-bridge--165667
189,Airfix,Pontoon Bridge Assault Set,1/72,40602-8,industrial,structure,https://www.scalemates.com/de/kits/airfix-40602-8-pontoon-bridge-assault-set--181826
7,Airfix,R.M.S. Mauretania,1/600,04207-1,naval,warship,https://www.scalemates.com/de/kits/airfix-a04207-rms-mauretania--946644
179,Airfix,SS France,1/600,F602S /,naval,warship,https://www.scalemates.com/kits/airfix-f602s-ss-france--1118910
383,Airfix,Sam-2 Missle,1/76,03303-5,military_ground,afv,https://www.scalemates.com/kits/airfix-03303-5-sam-2-missile--158426
192,Airfix,Scammel Tank Transporter,1/76,02301-6,military_ground,support_vehicle,https://www.scalemates.com/de/kits/airfix-02301-6-tank-transporter--145474
19,Airfix,Scammell Tank Transporter,1/76,02301-6,military_ground,support_vehicle,https://www.scalemates.com/de/kits/airfix-02301-6-scammell-tank-transporter--181776
8,Airfix,Scharnhorst,1/600,F406S,naval,warship,https://www.scalemates.com/de/kits/airfix-f406s-scharnhorst--130311
384,Airfix,Sherman Tank,1/76,A3V / M4-49 / 2-8005 / 01303-9 / 09651-9 / A01303,military_ground,afv,https://www.scalemates.com/kits/airfix-a3v-mk1-sherman-tank--181578
172,Airfix,Transatlantic Clipper,1/144,SK602 / 1415-100 / 1655/11 / 04172-6,aircraft,civil_aircraft,https://www.scalemates.com/kits/airfix-sk602-boeing-clipper--144140
190,Airfix,Vickers-Armstrong Wellington BIII,1/72,1419 / 481 / 04001-5,aircraft,military_aircraft,https://www.scalemates.com/kits/airfix-04001-5-wellington-biii--323903
16,Airfix,Wellington B.III,1/72,1-98,aircraft,military_aircraft,https://www.scalemates.com/kits/airfix-04001-5-wellington-biii--323903
436,Airfix / MPC,1930 Bentley,2025-12-01 00:00:00,2001 / 20440-8 /2-3051(MPC),automotive,car,https://www.scalemates.com/kits/airfix-2001-1930-bentley--183279
193,Airfix / MPC,B-24 Liberator,1/72,586 / 4-129 / 1503-150 / 1502-150 / 05006-3 / 2-2001-200 / 2-0302,aircraft,military_aircraft,https://www.scalemates.com/de/kits/airfix-05006-3-b-24j-liberator--147037
194,Airfix / MPC,Boeing B-29 Superfortress,1/72,781 / 1601-200 / A-101 / 2-2500-250 / 07001-4 / 2-3001 /,aircraft,military_aircraft,https://www.scalemates.com/kits/airfix-781-b-29-superfortress--163341
201,Airfix / MPC,Buffalo & Jeep,1/76,A202V / 202V / 2-8003 / 02302-9 / 09657-7,military_ground,afv,https://www.scalemates.com/de/kits/airfix-02302-9-buffalo-and-jeep--181555
385,Airfix / MPC,F-80C Shooting Star,1/72,02043-3 / 2-2105,aircraft,military_aircraft,https://www.scalemates.com/kits/airfix-02043-3-shooting-star--239610
386,Airfix / MPC,Flying Fortress Boeing B-17 G,1/72,585 / 1-129 / 2-163 / 1506-150 / A-107-700 / 1201-200 / 05005-0 / 2-2501 / 2-0301 / 05005,aircraft,military_aircraft,https://www.scalemates.com/kits/airfix-585-flying-fortress-boeing-b-17-g--163338
195,Airfix / MPC,Heinkel He 111 H-20,1/72,484 / 3-98 / 1408-100 / 2-1511-150 / 04004-4,aircraft,military_aircraft,https://www.scalemates.com/kits/airfix-484-heinkel-he111h-20--134644
196,Airfix / MPC,Heinkel He 177,1/72,589 / A-106 / 1200-200 / 2-2502 / 2-0303 / 05009-2,aircraft,military_aircraft,https://www.scalemates.com/de/kits/airfix-589-heinkel-he-177--130392
197,Airfix / MPC,ILYUSHIN I.L.28,1/72,490 / 1501-150 / 04010-9,aircraft,military_aircraft,https://www.scalemates.com/de/kits/airfix-490-ilyushin-il28--130427
198,Airfix / MPC,Junkers Ju 88A-4,1/72,387 / 1-109 / 1410 / 2-1505 / 03007-0,aircraft,military_aircraft,https://www.scalemates.com/de/kits/airfix-387-junkers-ju-88-a-4--170659
199,Airfix / MPC,Lockheed Hudson,1/72,386 / 3-89 / 03006-7 /1403 / 1104-100 / 03006-7,aircraft,military_aircraft,https://www.scalemates.com/kits/airfix-03006-7-lockheed-hudson-i--145445
202,Airfix / MPC,Panzer IV,1/76,A208V / 2-8007 / 02308-7 / 09655-1,military_ground,afv,https://www.scalemates.com/de/kits/airfix-a02308v-panzer-iv--1141242
437,Airfix / MPC,Spitfire,1/24,1201 / 2-3500 / 09320-8 / 12001-6,aircraft,military_aircraft,https://www.scalemates.com/kits/airfix-1201-supermarine-spitfire-1a--134304
200,Airfix / MPC,Thunderstreak,1/72,03022-9 / 2-0208,aircraft,military_aircraft,https://www.scalemates.com/kits/airfix-03022-9-f-84-thunderstreak--148786
35,Aoshima,German Army Jagd Tiger Remote Control AFV Series,1/48,048689,military_ground,afv,https://www.scalemates.com/kits/aoshima-048689-jagd-tiger--281973
255,Aoshima,"North Carolina / Washington, U.S.Navy BattleShip",1/700,WL.B105 / WL.B106,naval,battleship,https://www.scalemates.com/kits/aoshima-wlb105-us-navy-battleship-north-carolina--1403298
261,Aurora,B-25 Mitchell Bomber,1/32,397,aircraft,military_aircraft,https://www.scalemates.com/kits/aurora-397-b-25-mitchell-bomber--1177698
266,Aurora,Battleship USS Iowa,1/600,705,naval,battleship,https://www.scalemates.com/kits/aurora-705-uss-iowa--1268450
262,Aurora,British Churchill Tank,1/48,315 / 327,military_ground,afv,https://www.scalemates.com/de/kits/aurora-315-129-british-churchill-tank--1131819
259,Aurora,Curtis [sic]  P-40,1/27,378,aircraft,military_aircraft,https://www.scalemates.com/kits/aurora-378-curtiss-p-40--1177688
37,Aurora,Fokker D7 Giant Size No Cement Needed Simple Screwdriver Assembly,1/19,398-400,aircraft,military_aircraft,https://www.scalemates.com/kits/aurora-398-400-fokker-d7--1141196
438,Aurora,German Panther Tank,1/48,302 / 322 / 071,military_ground,afv,https://www.scalemates.com/kits/aurora-302-98-german-panther-tank--1129448
41,Aurora,Graf Spee,1/600,709,naval,warship,https://www.scalemates.com/kits/aurora-709-graf-spee--1138408
439,Aurora,"Japanese Medium Tank (Type 97 ""Chi Ha"")",1/48,313 / 325 / 073,military_ground,afv,https://www.scalemates.com/kits/aurora-313-150-japanese-medium-tank--1001349
36,Aurora,North American XB-70 Valkyrie,1/105,370,aircraft,military_aircraft,https://www.scalemates.com/kits/aurora-370-xb-70-valkyrie--137188
260,Aurora,P-51 Mustang,1/27,377,aircraft,military_aircraft,https://www.scalemates.com/kits/aurora-377-p-51-mustang--1177690
258,Aurora,SE-5 British Scout,1/19,399,aircraft,military_aircraft,https://www.scalemates.com/kits/aurora-399-se-5-british-scout--711158
268,Aurora,The Wings of Man Eastern Boeing 727 Whisperjet,1/96,351,aircraft,civil_aircraft,https://www.scalemates.com/kits/aurora-354-250-twa-boeing-727-jetliner--1198864
263,Aurora,"U.S. Army 8"" Howitzer",1/48,307 / 310 / 333-50,military_ground,artillery,https://www.scalemates.com/kits/aurora-307-8-in-howitzer--1161773
264,Aurora,U.S. Army M8E2 Munitions Carrier,1/48,309 / 332 / 310 / 333-50,military_ground,afv,https://www.scalemates.com/kits/aurora-332-munitions-carrier--1240251
38,Aurora,"U.S. Army M8E2 Munitions Carrier and 8"" Howitzer",1/48,333-350,naval,carrier,https://www.scalemates.com/kits/aurora-333-50-us-army-m8e2-munitions-carrier-and-8-howitzer--144690
42,Aurora,U.S. Navy Sealab III,1/93,721,naval,undersea,https://www.scalemates.com/kits/aurora-721-us-navy-sealab-iii--177223
39,Aurora,U.S.A. M4A3E8 Sherman,1/48,072,military_ground,afv,https://www.scalemates.com/kits/aurora-072-m4a3e8-sherman--1133945
267,Aurora,U.S.S. Forrestal (Saratoga / Independence),1/600,701,naval,warship,https://www.scalemates.com/kits/aurora-701-uss-forrestal--602485
40,Aurora,WORLD WAR II CHURCHILL TANK,1/48,327,military_ground,afv,https://www.scalemates.com/de/kits/aurora-327-churchill-tank--368602
265,Aurora,World War II Sherman Tank,1/48,329,military_ground,afv,https://www.scalemates.com/kits/aurora-317-sherman-tank--1182988
43,Bandai,150mm Howitzer S.P.IV HUMMEL,1/15,8351,military_ground,artillery,https://www.google.ca/url?sa=t&rct=j&q=&esrc=s&source=web&cd=2&cad=rja&uact=8&ved=0ahUKEwjfsMDLmtvLAhXCloMKHWHPBdwQFggkMAE&url=https%3A%2F%2Fwww.scribd.com%2Fdoc%2F299194282%2FBandai-1-16-Hummel&usg=AFQjCNE2Y6hBuM1LDl5aRnu0zcw7wfZRfg&sig2=PcWuCqjfW2X7J560JPdpXA
272,Bandai,75mm German Anti Tank Gun,1/48,8253,military_ground,afv,https://www.scalemates.com/de/kits/bandai-8253-75mm-german-anti-tank-gun--962979
64,Bandai,75mm German Anti Tank Gun Bandai,1/48,8253,military_ground,afv,https://www.scalemates.com/de/kits/bandai-8253-75mm-german-anti-tank-gun--962979
273,Bandai,8 Wheeled Armored Car,1/48,8238.0,military_ground,afv,https://www.scalemates.com/kits/bandai-8238-8-wheeled-armored-car--1109527
58,Bandai,8ton Semi Truck (Sd.Kfz.7),1/48,8235,military_ground,afv,https://www.scalemates.com/kits/bandai-8235-8-ton-half-track-sdkfz7--156154
63,Bandai,Aero Subaru FA 200,1/48,8515A,aircraft,military_aircraft,https://www.scalemates.com/kits/bandai-8515a-aero-subaru-fa-200--1111184
51,Bandai,"Anti Tank Gun IV ""Nashorn""",1/48,058258,military_ground,afv,https://www.scalemates.com/de/kits/bandai-8258-anti-tank-gun-iv-nashorn--1109390
59,Bandai,Beech Bonanza V35 Bandai,1/48,8530B,aircraft,military_aircraft,https://www.scalemates.com/kits/bandai-8530b-beech-bonanza-v35--276017
66,Bandai,Cessna 150,1/48,8515C,aircraft,military_aircraft,https://www.scalemates.com/kits/bandai-8515c-cessna-150--1091541
45,Bandai,German Tank 4 Type F2,1/15,0053466,military_ground,afv,https://www.scalemates.com/de/kits/bandai-4101-2500-german-tank-iv-f2--1282213
269,Bandai,German Tank IV-F2,1/15,4101-2500,military_ground,afv,https://www.scalemates.com/de/kits/bandai-4101-2500-german-tank-iv-f2--1282213
48,Bandai,Interceptor Shiden 21 N1K2-J,1/24,8522,aircraft,military_aircraft,https://www.scalemates.com/kits/bandai-8522-interceptor-shiden-21-n1k2-j--168147
53,Bandai,"Jagdpanzer ""Hetzer""",1/48,8239-250,military_ground,afv,https://www.scalemates.com/kits/bandai-8239-250-jagdpanzer-hetzer--948575
49,Bandai,M60 Bandai,1/24,38204,military_ground,afv,https://www.scalemates.com/kits/bandai-4205-m60a1--1198405
274,Bandai,Matilda,1/48,8363.0,military_ground,afv,https://www.scalemates.com/kits/bandai-8363-british-infantry-tank-mkii-matilda--283447
46,Bandai,Messerschmitt Bf109E4,1/24,0046781,aircraft,military_aircraft,https://www.scalemates.com/kits/bandai-0046781-messerschmitt-bf109e4--187893
389,Bandai,Möbelwagen - Flakpanzer IV,1/48,8285.0,military_ground,afv,https://www.scalemates.com/kits/bandai-8285-flakpanzer-iv-moebelwagen--155905
390,Bandai,Panzer II - Panzerkampfwagen II Ausf. F/G,1/48,8261.0,military_ground,afv,https://www.scalemates.com/kits/bandai-8261-panzerkampfwagen-ii-ausf-f-g-panzer-ii--188118
56,Bandai,Panzerkampfwagen IV Ausf. H,1/48,8270.0,military_ground,afv,https://www.scalemates.com/kits/bandai-8270-panzerkampfwagen-iv-ausf-h--1109167
47,Bandai,Panzerkampfwagen Panther G,1/24,8212-4500,military_ground,afv,https://www.scalemates.com/kits/bandai-8212-4500-panzerkampfwagen-panther-g--1029277
62,Bandai,Panzerkampfwagen V Panther G,1/48,8228,military_ground,afv,https://www.scalemates.com/kits/bandai-8228-panzerkampfwagen-v-panther-g--1109263
54,Bandai,Panzerkampfwagen VI King Tiger,1/48,8241,military_ground,afv,https://www.scalemates.com/kits/bandai-8241-panzerkampfwagen-vi-king-tiger--1109348
52,Bandai,Panzerkampfwagen VI Tiger I Sd.Kfz.181,1/48,8225,military_ground,afv,https://www.scalemates.com/kits/bandai-8225-panzerkampfwagen-vi-tiger-i--1109293
60,Bandai,Piper Cherokee 140,1/48,8520,aircraft,military_aircraft,https://www.scalemates.com/kits/bandai-8520-piper-cherokee-140--313745
67,Bandai,Piper Super Cub PA18,1/48,8530P,aircraft,military_aircraft,https://www.scalemates.com/de/kits/bandai-8530p-piper-super-cub-pa18--1111167
55,Bandai,Pkw. K1 Type 82 Kübelwagen,1/48,8223,aircraft,military_aircraft,https://www.scalemates.com/kits/bandai-8223-kuebelwagen--156176
65,Bandai,Schwimmwagen Type K2,1/48,8237,aircraft,military_aircraft,https://www.scalemates.com/de/kits/bandai-8237-schwimmwagen-type-k2s--1109771
275,Bandai,Schützenpanzerwagen Sd Kfz 251/1,1/48,8222,military_ground,afv,https://www.scalemates.com/de/kits/bandai-8222-250-schuetzenpanzerwagen-sd-kfz-251-1--1010721
391,Bandai,Sturmgeschutz III Ausf.D,1/48,8240.0,aircraft,military_aircraft,https://www.scalemates.com/kits/bandai-8240-sturmgeschuetz-iii-ausf-d--155902
44,Bandai,Sturmgeschutz IV German Army Assault Gun IV Model Hv,1/15,8206-4200,military_ground,afv,https://www.scalemates.com/kits/bandai-8206-4200-sturmgeschutz-iv--1028345
61,Bandai,Tank Destroyer (Sd.Kfz173) Jagd-Panther,1/48,8280,naval,destroyer,https://www.scalemates.com/kits/bandai-8280-jagd-panther--283442
276,Bandai,Tank Destroyer Jagd-Panther,1/48,8260,naval,destroyer,https://www.scalemates.com/kits/bandai-8260-tank-destroyer-jagd-panther--1027240
57,Bandai,Tank Destroyer Jagd-Tiger,1/48,8259.0,naval,destroyer,https://www.scalemates.com/kits/bandai-8259-tank-destroyer-jagd-tiger--1109520
50,Bandai,Tank Destroyer V Jagdpanther,1/24,8273,naval,destroyer,https://www.scalemates.com/de/kits/bandai-jagd-panther--1198534
270,Bandai,U.S. Army Medium Tank M60,1/24,8204,military_ground,afv,https://www.scalemates.com/kits/bandai-4205-m60a1--1198405
271,Bandai,U.S. Army Ordnance Diamond M-36 2 1/2 ton Cargo Truck,1/30,6421.0,military_ground,support_vehicle,https://www.scalemates.com/kits/bandai-6421-diamond-m-36-2-1-2-ton-cargo-truck--1398201
280,ERTL,Great Dane extendable heavy duty flatbed trailer,1/25,8009,commercial_vehicle,trailer,https://www.scalemates.com/kits/ertl-8009-extendable-heavy-duty-flatbed-trailer--601785
281,ERTL,International Payhauler 350,1/25,8013,automotive,car,https://www.scalemates.com/de/kits/ertl-8013-international-payhauler-350--541544
435,ERTL,International Transtar CO4070A,1/25,8000,automotive,car,https://www.scalemates.com/kits/ertl-8000-international-transtar-co4070a--687223
69,ESCI,BMW R75 With sidecar,2022-09-01 00:00:00,7001,military_ground,motorcycle,https://www.scalemates.com/de/kits/ertl-8290-bmw-r75-with-sidecar--608756
71,ESCI,German Half-Track Hanomag Rocket Launcher Sd. Kfz. 251/1,1/72,8022,space,rocket,https://www.scalemates.com/kits/esci-8022-german-half-track-hanomag-rocket-launcher-sd-kfz-251-1--186899
70,ESCI,NSU HK-101 Kettenkrad,2022-09-01 00:00:00,7005,military_ground,support_vehicle,https://www.scalemates.com/de/kits/esci-7005-kettenkrad-hk-101--197467
393,ESCI,Nebelwerfer 41 German Smoke-Unit,1/35,5001.0,military_ground,afv,https://www.scalemates.com/kits/esci-5001-nebelwerfer-41--984196
282,ESCI / Hasegawa,German Half-Track Hanomag Rocket Launcher Sd. Kfz. 251/1,1/72,8022 / MB-110,space,rocket,https://www.scalemates.com/kits/esci-8022-german-half-track-hanomag-rocket-launcher-sd-kfz-251-1--186899
392,Eidai Grip / Entex,Porsche Carrera RSR Turbo 935 (or 2.1L),2025-08-01 00:00:00,9040.0,automotive,race_car,https://www.scalemates.com/kits/entex-industries-9040-porsche-carrera-rsr-turbo-935--192310
278,Entex,German Panzer IV f12 Panzerkampfwagen,1/15,8479,military_ground,afv,https://www.scalemates.com/de/kits/entex-industries-8479-panzerkampfwagen-iv-f2--1325230
279,Entex,Sturmgeschutz IV German Army Assault Gun IV Model Hv,1/15,8481,military_ground,afv,https://www.scalemates.com/kits/bandai-8206-4200-sturmgeschutz-iv--1028345
277,Entex,"Wankel Rotary Engine unique, pistonless, the engine of the future. (Gakken Rebox)",2022-05-01 00:00:00,8201,industrial,component,https://www.scalemates.com/kits/entex-industries-8201-wankel-rotary-engine--195628
68,Entex Industries,"Wankel Rotary Engine unique, pistonless, the engine of the future. (Gakken Rebox)",2022-05-01 00:00:00,8201,industrial,component,https://www.scalemates.com/kits/entex-industries-8201-wankel-rotary-engine--195628
74,Frog,Blackburn Shark Torpedo-bomber,1/72,F179,aircraft,military_aircraft,https://www.scalemates.com/de/kits/frog-f179-blackburn-shark-torpedo-bomber--136074
73,Frog,"Bristol Beaufighter NF1, F6C or TF10",1/72,F191,aircraft,military_aircraft,https://www.scalemates.com/kits/frog-f191-bristol-beaufighter-nf1-f6c-or-tf10--161823
75,Frog,Havoc Intruder / Boston Mk.III Bomber,1/72,F208,aircraft,military_aircraft,https://www.scalemates.com/kits/frog-f208-havoc-intruder-boston-mkiii-bomber--162675
283,Frog,Heinkel He.111 H-1/H-6,1/72,F201,aircraft,military_aircraft,https://www.scalemates.com/kits/frog-f201-heinkel-he111-h-1-h-6--134643
72,Frog,Westland Wyvern,1/72,F198,aircraft,military_aircraft,https://www.scalemates.com/kits/frog-f198-westland-wyvern--162778
76,Frog,Whitley Long Range Bomber,1/72,F.207,aircraft,military_aircraft,https://www.scalemates.com/kits/frog-f207-whitley-long-range-bomber--162160
284,Frog / AMT-Frog / Hasegawa-Frog,Blackburn Shark Torpedo-bomber,1/72,F179 / A-605 / JS-041,aircraft,military_aircraft,https://www.scalemates.com/de/kits/frog-f179-blackburn-shark--1579352
285,Frog / Hasegawa-Frog,Westland Wyvern,1/72,F198 / JS-067,aircraft,military_aircraft,https://www.scalemates.com/kits/frog-f198-westland-wyvern--162778
286,Frog / UPC,Shell Tanker,1/130,347P / F137 / 5013-300,military_ground,afv,https://www.scalemates.com/kits/frog-347p-shell-bp-coastal-tanker--162746
287,Frog / UPC / Hasegawa-Frog,"Bristol Beaufighter NF1, F6C or TF10",1/72,F191 / 5104 / JS-039,aircraft,military_aircraft,https://www.scalemates.com/kits/frog-f191-bristol-beaufighter-nf1-f6c-or-tf10--161823
78,Fujimi,British Infantry Tank Valentine,1/76,WA-12,military_ground,afv,https://www.scalemates.com/kits/fujimi-wa-12-valentine--1024450
83,Fujimi,German Heavy Tank Destroyer Elephant,1/76,WA13,naval,destroyer,https://www.scalemates.com/kits/fujimi-wa13-elephant--225250
395,Fujimi,German Heavy Tank Destroyer Jagdtiger,1/76,WA-4 / 0760 / OC-8,naval,destroyer,https://www.scalemates.com/kits/fujimi-wa-4-jagdtiger--633842
81,Fujimi,German Medium Tank Panzer.IV Ausf.J,1/76,76012,military_ground,afv,https://www.scalemates.com/kits/fujimi-76012-panzeriv-ausfj--251283
396,Fujimi,German Panzer Jager I 4.7cm PAK,1/76,WA21,military_ground,afv,https://www.scalemates.com/kits/fujimi-wa21-panzer-jager-i-47cm-pak--225492
288,Fujimi,Japanese Battleship Haruna / Kongo / Kirishima / Hiei,1/700,WL.B012 / WL.B016 / WL.B020 / WL.B023,naval,battleship,https://www.scalemates.com/kits/fujimi-wlb012-battleship-haruna--1409758
394,Fujimi,Japanese Navy Type 99 Carrier Dive-Bomber Model 11 D3A1,1/48,5A25,naval,carrier,https://www.scalemates.com/kits/fujimi-5a25-japanese-navy-type-99-carrier-dive-bomber-model-11-d3a1--326186
397,Fujimi,Kubelwagen / BMW R75 with Sidecar,1/76,WA-11 / OC-1 / 0868,military_ground,motorcycle,https://www.scalemates.com/kits/fujimi-wa-11-kuebelwagen-bmw-r75-with-sidecar--1024659
80,Fujimi,Panther-G German Medium Tank,1/76,76077,military_ground,afv,https://www.scalemates.com/kits/fujimi-76077-panther-g--224524
79,Fujimi,Sd.Kfz. 251/1//10 German Troop Carrier,1/76,WA-9,military_ground,afv,https://www.scalemates.com/kits/fujimi-wa-9-sdkfz-251-1-10--1024425
82,Fujimi,U.S. Army Tank Destroyer M36 Jackson Tank with Harley Davidson motorcycle,1/76,76017,naval,destroyer,https://www.scalemates.com/de/kits/fujimi-76017-m36-jackson-tank--155806
289,Fujimi,U.S.A. Battleship Iowa / Missouri,1/700,WL.B115 / B107,naval,battleship,https://www.scalemates.com/kits/fujimi-wlb115-usa-battleship-iowa--1020084
77,Fujimi,Water Line Series U.S.A. Battleship Missouri,1/700,B107,naval,battleship,https://www.scalemates.com/kits/fujimi-b107-1300-usa-battleship-missouri--1006093
84,Fujimi/Nitto,M3A1 Half Track,1/76,76069,military_ground,afv,https://www.scalemates.com/kits/fujimi-76069-m3a1-half-track--155807
400,Hasegawa,88mm GUN Flak 36,1/72,710,aircraft,military_aircraft,https://www.scalemates.com/kits/minicraft-hasegawa-710-88mm-gun-flak-18--1085261
398,Hasegawa,F-86F Sabre 40,1/32,JS-084 / JS-098 / S3,aircraft,military_aircraft,https://www.scalemates.com/kits/hasegawa-js-084-f-86f-sabre-40--311890
90,Hasegawa,G.M.C. CCKW-353 Cargo Truck,1/72,MB-020,military_ground,support_vehicle,https://www.scalemates.com/de/kits/hasegawa-mb-020-gmc-cckw-353-cargo-truck--148408
294,Hasegawa,G.M.C. CCKW-353 Gasoline Tank Truck,1/72,MB-021,military_ground,afv,https://www.scalemates.com/de/kits/hasegawa-mb-021-gmc-cckw-353-gasoline-tank-truck--1394777
290,Hasegawa,German Battle Ship Bismarck / Tirpitz,1/450,A-7 / A-8,naval,battleship,https://www.scalemates.com/kits/hasegawa-a-7-1000-bismarck--1103874
85,Hasegawa,IJN Battleship Yamato,1/450,A-3,naval,battleship,https://www.scalemates.com/de/kits/minicraft-hasegawa-a-3-ijn-battleship-yamato--1307208
399,Hasegawa,Japanese Aircraft Carrier Akagi,1/700,WL.A031,naval,carrier,https://www.scalemates.com/kits/hasegawa-43201-akagi--544705
291,Hasegawa,Japanese Navy Aircraft Carrier Akagi,1/450,A-11,naval,carrier,https://www.scalemates.com/kits/hasegawa-a-11-akagi--424705
292,Hasegawa,Japanese Navy Battleship Yamato,1/450,A-3,naval,battleship,https://www.scalemates.com/de/kits/minicraft-hasegawa-a-3-ijn-battleship-yamato--1307208
295,Hasegawa,"Leopold / Anzio Annie, K5(E)German Railway Gun",1/72,MB-028 / 728,military_ground,rail_artillery,https://www.scalemates.com/kits/minicraft-hasegawa-728-k5-e-german-railway-gun--937954
87,Hasegawa,"Mörser Karl German 600mm Mörser ""Karl"" On Railway Carrier",1/72,MB-032,military_ground,rail_artillery,https://www.scalemates.com/de/kits/hasegawa-mb-032-moerser-karl--141994
88,Hasegawa,Panzerkampfwagen VI Tiger,1/72,708,military_ground,afv,https://www.scalemates.com/de/kits/minicraft-hasegawa-708-panzerkampfwagen-vi-tiger-ie--1085256
89,Hasegawa,Railway gun Anzio Annie,1/72,728,military_ground,rail_artillery,https://www.scalemates.com/kits/minicraft-hasegawa-728-k5-e-german-railway-gun--937954
293,Hasegawa,U.S. Aircraft Carrier USS Essex / Hancock,1/700,WL.A108 / WL.A113,naval,carrier,https://www.scalemates.com/kits/hasegawa-wla108-uss-essex-cv-9--1407159
86,Hasegawa,U.S. Army M-4(A3E8) Sherman,1/72,MB-015,military_ground,afv,https://www.scalemates.com/de/kits/minicraft-hasegawa-715-m-4-a3e8-sherman--1016796
296,Hasegawa / Frog / Minicraft-Hasegawa,H.M.S. Vanguard,1/450,A-10 / F-136,naval,warship,https://www.scalemates.com/kits/minicraft-hasegawa-a-10-800-hms-vanguard--1160778
297,Hasegawa / Minicraft,KettenKRad & Schwimmwagen,1/72,713,military_ground,support_vehicle,https://www.scalemates.com/kits/minicraft-hasegawa-713-schwimmwagen-and-kettenkrad--1085273
298,Hasegawa / Minicraft,U.S. Army M-4 (A3E8) Sherman,1/72,715,military_ground,afv,https://www.scalemates.com/de/kits/minicraft-hasegawa-715-m-4-a3e8-sherman--1016796
401,Heller,HMS Hood,1/400,1051.0,naval,warship,https://www.scalemates.com/kits/heller-1051-hms-hood--1415786
299,Heller,Porsche 917 K  Martini Racing-Team,1/24,L 742,automotive,car,https://www.scalemates.com/kits/heller-l742-porsche-917-k-martini--167779
91,Heller,Ship,1/400,any,naval,warship,https://www.scalemates.com/search.php?q=Heller*&fkSECTION[]=Kits&fkTYPENAME[]=%22Full%20kits%22&fkSCALENORMALISED[]=%221:00400%22&fkCOMPNAME[]=%22Heller%22&fkGROUPS[]=%22Ships%22&fkYEARRANGE[]=%221970-1979%22&fkYEAR[]=%221974%22&fkYEAR[]=%221972%22&fkYEAR[]=%221975%22&fkYEAR[]=%221971%22
300,Heller,Ship (La Seine),1/400,L750,naval,warship,https://www.scalemates.com/kits/heller-l750-petrolier-la-seine--167903
301,Heller,"Suffren, Fregate Lance-Engins",1/400,L861 (/ 861),naval,warship,https://www.scalemates.com/kits/heller-l861-suffren--1101008
92,Holgate and Reynolds,HO Brick,,,industrial,component,
303,IMC,Volkswagen,1/25,114,automotive,car,https://www.scalemates.com/kits/imc-114-volkswagen--942364
95,ITT,Vintage microchip,,,industrial,component,
302,Imai,Galeass,1/160,B-351,naval,warship,https://www.scalemates.com/kits/imai-b-351-galeass--191234
93,Italaerei,Italian Self-propelled Gun M40-75/18 Fiat-Ansaldo,1/35,214,military_ground,afv,https://www.scalemates.com/kits/italaerei-214-m40-75-18--186024
304,Italaerei,Italian Self-propelled Gun M40-75/18 Semovente,1/35,214 / H-2104,military_ground,afv,https://www.scalemates.com/kits/italaerei-214-m40-75-18--186024
94,Italaerei,Tiger (P) Elefant,1/35,211,military_ground,afv,https://www.scalemates.com/kits/italaerei-211-tiger-p-elefant--1395444
305,Italaerei / Revell-Italaerei / Tomy,Tiger (P) Elefant,1/35,211 / H2105 / 3512,military_ground,afv,https://www.scalemates.com/kits/italaerei-211-tiger-p-elefant--1395444
306,Jo-han,1931 Cadillac V-16 Cabriolet,1/25,GC-431,automotive,car,https://www.scalemates.com/kits/jo-han-gc-431-1931-cadillac-v-16-cabriolet--177220
96,LS,Morgan Plus 8 Roadster,1/16,C2002,automotive,car,https://www.scalemates.com/de/kits/ls-c2001-2000-morgan-plus-8--168382
402,Lindberg,German Battleship Bismarck / Tirpitz,1/350,762M / 70827 /,naval,battleship,https://www.scalemates.com/kits/lindberg-762m-bismarck--1116869
440,Lindberg / Lindberg-Necomisa,Blue Devil Destroyer,1/125,212 / 815M,naval,destroyer,https://www.scalemates.com/kits/lindberg-212-blue-devil-destroyer--1022544
315,MPC,King Pontiac GTO Super Stocker,1/25,2750-01-01 00:00:00,automotive,car,https://www.scalemates.com/kits/mpc-1-2750-pontiac-gto-super-stocker--1177444
307,Mania,Nakajima Ki-27 Nate,1/48,05-800,aircraft,military_aircraft,https://www.scalemates.com/kits/mania-hobby-05-800-nakajima-ki-27-nate--205580
97,Mania,Type 97 Carrier Attack Bomber Nakajima B5N Kate,1/72,02-800,naval,carrier,https://www.scalemates.com/kits/mania-hobby-02-800-nakajima-b5n-kate--188363
403,Max,1 1/2-Ton Personnel Carrier,1/35,3506,military_ground,afv,https://www.scalemates.com/kits/max-plastic-model-3506-1-1-2-ton-personnel-carrier--1093673
308,Max / Peerless-Max / Airfix,155 mm Howitzer M1-A2,1/35,M3 / 3502 / 07362-6,military_ground,artillery,https://www.scalemates.com/kits/airfix-07362-6-155-mm-howitzer--169670
100,Monogram,1926 Mack Bulldog,1/24,85-7539,automotive,car,https://www.scalemates.com/kits/monogram-85-7539-1926-mack-bulldog--166665
313,Monogram,1926 Mack Bulldog Stake Truck/Tank Truck/Dump Truck/Log Hauler,1/24,7537 / 7539 / 2400 / 2401,military_ground,afv,https://www.scalemates.com/kits/monogram-85-7539-1926-mack-bulldog--166665
311,Monogram,2 1/2 Ton Track,1/35,8214,military_ground,afv,https://www.scalemates.com/kits/monogram-8214-2-1-2-ton-truck--1242549
98,Monogram,Armor Series Panzerkampfwagen IV German HL/48 Tank Monogram,1/32,8218,military_ground,afv,https://www.scalemates.com/de/kits/monogram-8218-panzerkampfwagen-iv--1242584
314,Monogram,Corvette SS Hatchback,1/24,2212.0,automotive,race_car,https://www.scalemates.com/kits/monogram-2212-corvette-ss-hatchback--267062
312,Monogram,De Havilland Mosquito,1/48,6849.0,aircraft,military_aircraft,https://www.scalemates.com/kits/monogram-6849-havilland-mosquito--1243549
309,Monogram,Panzerkampfwagen IV German HL/48 Tank Monogram,1/32,8218,military_ground,afv,https://www.scalemates.com/de/kits/monogram-8218-panzerkampfwagen-iv--1242584
310,Monogram,Panzerspähwagen 8rad,1/32,7581,military_ground,afv,https://www.scalemates.com/kits/monogram-7581-panzerspaehwagen--168130
404,Monogram,Screamin' Mimi Sherman M4A1,1/32,4200,military_ground,afv,https://www.scalemates.com/kits/monogram-4200-sherman-m4a1--265081
99,Monogram,Warhawk P-40N Famous Curtiss-built Air Force plane,1/72,6792,aircraft,military_aircraft,https://www.scalemates.com/kits/monogram-6792-warhawk-p-40n--148898
106,Nichimo,132 Sherman US Army Medium Tank M4A1,1/35,DT3501,military_ground,afv,https://www.scalemates.com/de/kits/nichimo-dt3501-sherman--185380
317,Nichimo,British Army Tank Centurion,1/35,R-3505 / R-3510,military_ground,afv,https://www.scalemates.com/kits/nichimo-sr-3509-centurion--1318685
105,Nichimo,British Tank Centurion,1/35,SR-3509,military_ground,afv,https://www.scalemates.com/kits/nichimo-sr-3509-centurion--1318685
109,Nichimo,HIJMS Nagato,1/500,U-5007,naval,warship,https://www.scalemates.com/kits/nichimo-u-5007-hijms-nagato--1072034
107,Nichimo,Hyuga Japanese Navy Battleship with flight deck,1/500,U5010,naval,battleship,https://www.scalemates.com/kits/nichimo-u5010-hyuga--1319246
318,Nichimo,"Jagdpanzer ""Elefant""",1/35,R-3520,military_ground,afv,https://www.scalemates.com/kits/nichimo-r-3520-jagdpanzer-elefant-sdkfz184--1318800
104,Nichimo,Jagdpanzer Elefant (Sd.Kfz.184) Remote Control,1/35,R-3520,military_ground,afv,https://www.scalemates.com/kits/nichimo-r-3520-jagdpanzer-elefant-sdkfz184--1318800
319,Nichimo,"Jagdpanzer VI ""Jagdtiger""",1/35,R-3531,military_ground,afv,https://www.scalemates.com/kits/nichimo-r-3531-jagdtiger--1149973
102,Nichimo,Jagdtiger,1/35,DT3508,military_ground,afv,https://www.scalemates.com/kits/nichimo-r-3531-jagdtiger--1149973
324,Nichimo,Japanese Battleship Nagato,1/500,U5007-500,naval,battleship,https://www.scalemates.com/kits/nichimo-u-5007-hijms-nagato--1072034
325,Nichimo,Japanese Navy Battleship Musashi,1/500,U5002-950,naval,battleship,https://www.scalemates.com/de/kits/nichimo-japanese-navy-battleship-musashi--1319136
326,Nichimo,Japanese Navy Battleship with flight deck Ise / Hyuga,1/500,U5009 / U5010,naval,battleship,https://www.scalemates.com/de/kits/nichimo-u5009-ise--1319234
320,Nichimo,M4A1 Sherman,1/35,R-3517,military_ground,afv,https://www.scalemates.com/de/kits/nichimo-r-3517-m4a1-sherman--1149938
323,Nichimo,Nakajima B5N2 KATE,1/48,S-4813,aircraft,military_aircraft,https://www.scalemates.com/kits/nichimo-s-4813-nakajima-b5n2-kate--1149734
321,Nichimo,Pz.Kpfw.VI Tiger II Henschel Turret (King Tiger),1/35,R-3530,military_ground,afv,https://www.scalemates.com/kits/nichimo-r-3530-tiger-ii-produktionsturm--1283034
322,Nichimo,Pz.Kpfw.VI Tiger II Porsche Turret,1/35,R-3526 / R-3529,military_ground,afv,https://www.scalemates.com/kits/nichimo-r-3529-tiger-ii-porsche-turret--186360
405,Nichimo,Tiger I Ausf.E - German Army Heavy Tank,1/35,R-3513 / R-3518,military_ground,afv,https://www.scalemates.com/kits/nichimo-r-3513-pzkpfwvi-tiger-i--1318791
103,Nichimo,Tiger II (King TIger),1/35,DT3503,military_ground,afv,https://www.scalemates.com/kits/nichimo-dt3503-tiger-ii--186364
101,Nichimo,U-Boat type IX B Wolf Pack,1/200,U-2009,naval,submarine,https://www.scalemates.com/kits/nichimo-2009-u-boat-type-ix-b--964265
108,Nichimo,Yamato,1/500,U-5001,naval,warship,https://www.scalemates.com/de/kits/nichimo-050522-ijn-battleship-yamato--1135986
327,Nichimo / Minicraft,IJN Submarine First Class Type Otsu I-19,1/200,U-2006,naval,submarine,https://www.scalemates.com/kits/nichimo-u-2006-i-19-submarine-and-floatplane--146099
113,Nitto,Chieftain,,543,military_ground,afv,https://www.scalemates.com/kits/nitto-543-chieftain--1272970
331,Nitto,German Battleship Bismarck,No scale(1/1000?),165.0,naval,battleship,https://www.scalemates.com/kits/nitto-165-bismarck--1400215
328,Nitto,German Medium Tank Panzer.IV Ausf.J,1/76,460,military_ground,afv,https://www.scalemates.com/kits/nitto-460-panzeriv-ausfj--139662
112,Nitto,Jagdpanther German Medium Tank,1/76,443,military_ground,afv,https://www.scalemates.com/kits/nitto-443-jagdpanther--139645
332,Nitto,Japanese Navy Battleship Yamato / Musashi,No scale(1/1100?),163 / 164,naval,battleship,https://www.scalemates.com/kits/nitto-163-battle-ship-yamato--1399560
329,Nitto,M3A1 Half Track,1/76,456,military_ground,afv,https://www.scalemates.com/kits/nitto-456-m3a1-halftrack--139658
330,Nitto,Panther-G German Medium Tank,1/76,393 / 441 / 523,military_ground,afv,https://www.scalemates.com/kits/nitto-441-panther-g--139643
111,Nitto,SDKfz 251/1 Rocket launcher,1/35,388,space,rocket,https://www.scalemates.com/kits/nitto-388-sdkfz-251-1--186379
114,Nitto,Tiger II,,,military_ground,afv,https://www.scalemates.com/de/kits/nitto-182-tiger-ii--1272825
110,Nitto,Yamato,1/1100,163,naval,warship,https://www.scalemates.com/kits/nitto-163-battle-ship-yamato--1399560
333,Nitto / RiKo,M4A1 Sherman (with Willys Jeep),1/76,453,military_ground,afv,https://www.scalemates.com/kits/nitto-453-m4a1-sherman--139655
334,Nitto / RiKo,U.S. Army Tank Destroyer M36 Jackson Tank with Harley Davidson motorcycle,1/76,455,naval,destroyer,https://www.scalemates.com/de/kits/nitto-455-m36-jackson--139657
335,Nitto / RiKo / Entex,Jagdpanther German Medium Tank,1/76,395 / 443 / 8506C / 252,military_ground,afv,https://www.scalemates.com/kits/nitto-443-jagdpanther--139645
336,Nitto Kagaku,KettenKrad Sd.Kfz. 2 with 37mm Gun,1/35,411,military_ground,afv,https://www.scalemates.com/kits/nitto-kagaku-411-kettenkrad-sdkfz-2--186383
338,Otaki,Japanese Battleship Yamato,1/600,OT1-28-500,naval,battleship,https://www.scalemates.com/kits/otaki-ot1-28-500-japanese-battleship-yamato--1325761
337,Otaki,P-51D Mustang,1/48,OT2-13,aircraft,military_aircraft,https://www.scalemates.com/kits/otaki-ot2-13-north-american-p-51d-mustang--313697
115,Peerless Max,155 mm Howitzer,1/35,3502,military_ground,artillery,https://www.scalemates.com/kits/airfix-07362-6-155-mm-howitzer--169670
116,Plastruct,Plastruct Lamp shade 671a5f,,,industrial,component,
407,Revell,"""Battle of Midway"" Carrier",1/542,H-501,naval,carrier,https://www.scalemates.com/kits/revell-h-501-battle-midway-carrier--1005890
341,Revell,53 Chevy Panel,1/25,H-1376,automotive,car,https://www.scalemates.com/kits/revell-h-1376-53-chevy-panel--946079
446,Revell,Apollo Lunar Spacecraft,1/48,H-1838,space,spacecraft,https://www.scalemates.com/kits/revell-h-1838-600-apollo-lunar-spacecraft--965026
345,Revell,Battleship U.S.S. Wisconsin,1/535,H352,naval,battleship,https://www.scalemates.com/kits/revell-h352-uss-wisconsin-bb-64--1092841
444,Revell,Bell HueyCobra Helicopter,1/32,H-287,aircraft,helicopter,https://www.scalemates.com/kits/revell-h-287-200-bell-hueycobra-helicopter--176356
445,Revell,Bell UH-1D Huey Helicopter,1/32,H-286 / H-259,aircraft,helicopter,https://www.scalemates.com/kits/revell-h-286-bell-uh-1d-huey-helicopter--192343
342,Revell,Custom '57 Chevy Hardtop,1/25,H1277 / H-1371 /     H-1284,automotive,car,https://www.scalemates.com/kits/revell-h-1277-57-chevy--1510745
118,Revell,Douglas DC-7,1/22,H-168,aircraft,civil_aircraft,https://www.scalemates.com/de/kits/revell-h-168-douglas-dc-7--939794
408,Revell,German Battleship Bismarck / Tirpitz,1/570,H-350 / H351,naval,battleship,https://www.scalemates.com/kits/revell-h350-200-bismarck--988629
347,Revell,German V-2 Rocket,1/69,H-1830 / H-560,space,rocket,https://www.scalemates.com/kits/revell-h-1830-german-v-2-rocket--208764
346,Revell,H.M.S. King George V / Prince of Wales / Duke of York,1/568,H-380 / H-388 / H-404,naval,warship,https://www.scalemates.com/kits/revell-h-380-hms-king-george-v--194326
441,Revell,Honda Super Hawk,2024-08-01 00:00:00,H-1233,automotive,motorcycle,https://www.scalemates.com/kits/revell-h-1233-honda-super-hawk--1273141
442,Revell,"Jeb Allen's ""Praying Mantis"" / Kuhl & Olson Da Revell Fast Guys / 1974 Rear Engine Dragster Don the Snake Prudhomme",1/16,H-1484 / H-1488,industrial,component,https://www.scalemates.com/kits/revell-h-1484-jeb-allens-praying-mantis--1413364
340,Revell,Jet-Powered Patrol Gunboat / U.S.S. Defiance,1/130,H432 / H435,naval,small_craft,https://www.scalemates.com/de/kits/revell-h435-uss-defiance--1249989
348,Revell,Junkers Ju 88,1/72,H-113 / H165,aircraft,military_aircraft,https://www.scalemates.com/kits/revell-h-113-junkers-ju-88--147450
120,Revell,Junkers Ju 88 Germany's Versatile World War II Aircraft,1/72,H-113,aircraft,military_aircraft,https://www.scalemates.com/kits/revell-h-113-junkers-ju-88--147450
121,Revell,Kugisho P1Y1/2 Ginga,1/72,H-103,aircraft,military_aircraft,https://www.scalemates.com/de/kits/revell-h-103-kugisho-p1y1-2-ginga--1015851
447,Revell,Mercury and Gemini,1/48,H-1834,space,spacecraft,https://www.scalemates.com/kits/revell-h-1834-100-mercury-gemini--194192
343,Revell,Mig 21 PF/PFM,1/32,H-267,aircraft,military_aircraft,https://www.scalemates.com/kits/revell-h-267-mig-21-pf-pfm--227586
406,Revell,NASA/McDonnell Gemini,1/24,H-1835,space,spacecraft,https://www.scalemates.com/kits/revell-h-1835-nasa-mcdonnell-gemini--144851
119,Revell,Phantom F-4J,1/32,H-188,aircraft,military_aircraft,https://www.scalemates.com/kits/revell-h-188-phantom-f-4j--193693
344,Revell,Phantom F-4J / McDonnell Douglas F-4E U.S.A.F. Phantom II,1/32,H-188 / H-198,aircraft,military_aircraft,https://www.scalemates.com/kits/revell-h-188-phantom-f-4j--193693
339,Revell,Roger DeCoster's Suzuki Motocrosser,2025-12-01 00:00:00,H-1509,automotive,motorcycle,https://www.scalemates.com/kits/revell-h-1517-suzuki-motocrosser--699080
443,Revell,Russia's First Spacecraft: VOSTOK,1/24,H-1844,space,spacecraft,https://www.scalemates.com/kits/revell-h-1844-vostok--1189708
117,Revell,U.S.S. Defiance,1/130,H435,naval,warship,https://www.scalemates.com/de/kits/revell-h435-uss-defiance--1249989
349,Revell,U.S.S. Franklin D. Roosevelt / Midway / Coral Sea,1/547,H-307 / H-373 / H-321 / H-374 / H-440 / H-441,naval,warship,https://www.scalemates.com/kits/revell-h-307-249-uss-franklin-d-roosevelt-cv-42--167969
350,Revell-Italaerei,Rocket launcher Katyusha,1/35,H-2115,space,rocket,https://www.scalemates.com/kits/revell-italaerei-h-2115-rocket-launcher--186099
122,Smartlouvre,Koolshade,,,industrial,component,
127,Tamiya,"""Elf"" Tyrrell Ford F-1 (003) 1971",2022-12-01 00:00:00,12009,automotive,race_car,https://www.scalemates.com/kits/tamiya-12009-tyrrell-ford-f-1--122723
414,Tamiya,20mm Flak 38 MIT Sd.AH.51,1/35,MM202,military_ground,afv,https://www.scalemates.com/kits/tamiya-mm202-20mm-flak38--130994
138,Tamiya,"7,5cm ANTI–TANK GUN (PAK40/L46)",1/35,35047,military_ground,afv,https://www.scalemates.com/kits/tamiya-35047-7-5cm-anti-tank-gun-pak40-l46--1182655
431,Tamiya,Aircraft Carrier Junyo,1/700,WL.A076,naval,carrier,https://www.scalemates.com/kits/tamiya-wla076-aircraft-carrier-junyo--1023391
368,Tamiya,Avro Lancaster BI/BIII,1/48,61020,aircraft,military_aircraft,https://www.scalemates.com/de/kits/tamiya-61020-avro-lancaster-bi-biii--122284
162,Tamiya,Avro Lancaster BI/BIII RiKo,1/48,61020,aircraft,military_aircraft,https://www.scalemates.com/de/kits/riko-61020-avro-lancaster-bi-biii--1240312
415,Tamiya,Barricade Set,1/35,MM127,military_ground,afv,https://www.scalemates.com/kits/tamiya-mm127-barricade-set--192984
166,Tamiya,Battleship Yamato Water Line Series,1/700,WL.B009,naval,battleship,https://www.scalemates.com/de/kits/tamiya-wlb009-battleship-yamato--1409041
130,Tamiya,Boeing B-52D Stratofortress,1/100,PA-1025,aircraft,military_aircraft,https://www.scalemates.com/de/kits/tamiya-pa-1025-boeing-b-52d-stratofortress--134117
409,Tamiya,Brabham BT44B Martini (Ford Engine),2025-12-01 00:00:00,BS1218,automotive,race_car,https://www.scalemates.com/kits/tamiya-12018-brabham-martini-bt44b--122733
147,Tamiya,British 25Pdr. Field Gun w/6 crew,1/35,35046,military_ground,afv,https://www.scalemates.com/kits/tamiya-35046-25pdr-field-gun--1302921
133,Tamiya,British Army Centurion Mk III,1/25,30614,military_ground,afv,https://www.scalemates.com/kits/tamiya-30614-centurion-mk-iii--1112794
152,Tamiya,British Army Chieftain Mk.5,1/35,35068,military_ground,afv,https://www.scalemates.com/kits/tamiya-35068-chieftain-mk5--1166607
156,Tamiya,British Army Saladin Mk II Armoured Car,1/35,MT108,military_ground,afv,https://www.scalemates.com/kits/tamiya-mt108-saladin-mk-ii--208604
432,Tamiya,British Battlecruiser Hood,1/700,WL.B127,naval,warship,https://www.scalemates.com/kits/tamiya-wlb127-hood--141059
370,Tamiya,British Battleship Prince of Wales / King George V,1/700,WL.B122 / WL.B125,naval,battleship,https://www.scalemates.com/kits/tamiya-wlb122-british-battleship-prince-wales--157203
371,Tamiya,British Battleship Rodney / Nelson,1/700,WL.B102 / WL.B104,naval,battleship,https://www.scalemates.com/kits/tamiya-wlb102-hms-rodney--171071
149,Tamiya,British Infantry Tank Mk.II Matilda,1/35,MM124,military_ground,afv,https://www.scalemates.com/de/kits/tamiya-mt135-tank-destroyer-m36-jackson--184846
416,Tamiya,British L.R.D.G. Command Car  30CWT Truck,1/35,MM192,commercial_vehicle,truck,https://www.scalemates.com/kits/tamiya-mm192-lrdg-command-car--122861
140,Tamiya,Carro Armato M13/40,1/35,35296,military_ground,afv,https://www.scalemates.com/kits/tamiya-35296-carro-armato-m13-40--102648
360,Tamiya,Centurion Mk. III - British Army 1/35,1/35,MT130 / MT230,military_ground,afv,https://www.scalemates.com/kits/tamiya-mt130-centurion-mkiii--133511
123,Tamiya,Daytona Honda CB750 Racing Type 1970,2022-06-01 00:00:00,16003,automotive,motorcycle,https://www.scalemates.com/kits/tamiya-16003-honda-cb750-racing-type--122906
126,Tamiya,Ferrari 312 B 1970,2022-12-01 00:00:00,12007,automotive,race_car,https://www.scalemates.com/kits/tamiya-12007-ferrari-312-b--122722
351,Tamiya,Ferrari 312B,2022-12-01 00:00:00,BS1207,automotive,race_car,https://www.scalemates.com/kits/tamiya-12007-ferrari-312-b--122722
410,Tamiya,Ferrari 312T,2025-12-01 00:00:00,BS1219,automotive,race_car,https://www.scalemates.com/kits/tamiya-12019-ferrari-312t--122734
417,Tamiya,Ford G.P.A. Jeep - U.S. Amphibian 1/4 ton 4X4 Truck,1/35,MM143,commercial_vehicle,truck,https://www.scalemates.com/kits/tamiya-mm143-ford-gpa-jeep--122812
418,Tamiya,German 8 ton Semi Track Sd.Kfz7 / Track & 20mm Flakvierling 38 Sd.kfz 7/1,1/35,MT133 / MM150,military_ground,afv,https://www.scalemates.com/kits/tamiya-mt133-900-8ton-semi-track-sdkfz7--192990
159,Tamiya,German 88mm Gun Flak 36/37,1/35,MM117,military_ground,afv,https://www.scalemates.com/de/kits/tamiya-mm117-88mm-gun-flak-36-37--192993
372,Tamiya,German Battlecruiser Scharnhorst / Gneisenau,1/700,WL.B118 / WL.B120,naval,warship,https://www.scalemates.com/kits/tamiya-wlb118-scharnhorst--138769
146,Tamiya,German Hanomag Sd.Kfz. 251/1,1/35,35020,military_ground,afv,https://www.scalemates.com/kits/tamiya-35020-hanomag-sdkfz-251-1-ausf-c-rivetted-version--183837
158,Tamiya,"German Heavy Tank King Tiger Panzer KampfWagen VI Tiger II ""Konigs Tiger""",1/35,MM157,military_ground,afv,https://www.scalemates.com/kits/tamiya-mm-157a-king-tiger--1454858
352,Tamiya,Honda F-1,2022-12-01 00:00:00,BS1201 / BS1211,automotive,race_car,https://www.scalemates.com/kits/tamiya-12011-honda-f-1--122724
128,Tamiya,Honda F-1 (RA 273) 1967,2022-12-01 00:00:00,12011,automotive,race_car,https://www.scalemates.com/kits/tamiya-12011-honda-f-1--122724
419,Tamiya,"Horch, s.GL Einheits Personen Kraftwagen, 4x4 Type 1a",1/35,MM105 / MM152,military_ground,afv,https://www.scalemates.com/kits/tamiya-mm152-horch-4x4-type-1a--132504
353,Tamiya,J.P.S. Lotus 72D (Ford) 1972,2022-12-01 00:00:00,BS1213,automotive,race_car,https://www.scalemates.com/kits/tamiya-12013-john-player-special-jps-lotus-72d--122727
420,Tamiya,Jagdpanzer IV L/70 Lang,1/35,MM188,military_ground,afv,https://www.scalemates.com/kits/tamiya-35088-jagdpanzer-iv-l-70-lang--103876
134,Tamiya,Jagdpanzer V Jagdpanther 2 Motor,1/25,DTW113,military_ground,afv,https://www.scalemates.com/kits/tamiya-dtw113-jagdpanther--688527
165,Tamiya,Japan Light Cruiser Kumano Water Line Series,1/700,77019,naval,warship,https://www.scalemates.com/kits/tamiya-77019-kumano--1408826
373,Tamiya,Japanese Aircraft Carrier Shinano,1/700,WL.A024,naval,carrier,https://www.scalemates.com/kits/tamiya-wla024-shinano--991693
164,Tamiya,Japanese Aircraft Carrier Shinano Water Line Series,1/700,WL.A024,naval,carrier,https://www.scalemates.com/kits/tamiya-wla024-shinano--991693
374,Tamiya,Japanese Aircraft Carrier Taiho,1/700,WL.A050,naval,carrier,https://www.scalemates.com/de/kits/tamiya-wla050-taiho--993109
375,Tamiya,Japanese Battle ship Yamato / Musashi,1/700,WL.B009 / WL.B013,naval,battleship,https://www.scalemates.com/de/kits/tamiya-wlb009-battleship-yamato--1409041
376,Tamiya,Japanese Light Cruiser Suzuya / Mogami / Kumano,1/700,WL.C003 / WL.C007 / WL.C019,naval,warship,https://www.scalemates.com/kits/tamiya-wlc003-suzuya--193000
124,Tamiya,John Player Special J.P.S. Lotus 72D (Ford) 1972,2022-12-01 00:00:00,12013,automotive,race_car,https://www.scalemates.com/kits/tamiya-12013-john-player-special-jps-lotus-72d--122727
148,Tamiya,Kampfpanzer LEOPARD WEST GERMAN ARMY MEDIUM TANK,1/35,35064,military_ground,afv,https://www.scalemates.com/kits/tamiya-35064-leopard--1166605
361,Tamiya,Kfz. 1/20K2s Schwimmwagen,1/35,MM103,military_ground,afv,https://www.scalemates.com/kits/tamiya-mm103-kfz-1-20k2s-schwimmwagen--132343
362,Tamiya,Leopard West German Army Medium Tank,1/35,MT125 / MT225 / MM164,military_ground,afv,https://www.scalemates.com/kits/tamiya-mt125-kampfpanzer-leopard--1112098
129,Tamiya,Lotus 49 Ford F-11967,2022-12-01 00:00:00,12012.0,automotive,race_car,https://www.scalemates.com/kits/tamiya-12012-lotus-49-ford-f-1--122726
354,Tamiya,Lotus 49B Ford F-1,2022-12-01 00:00:00,BS1204,automotive,race_car,https://www.https://www.scalemates.com/kits/tamiya-12004-lotus-49b-ford-f-1--122718
369,Tamiya,M.B.T.71,1/48,MS108,aircraft,military_aircraft,https://www.scalemates.com/de/kits/tamiya-ms108-mbt71--1113003
137,Tamiya,M3 Lee,1/35,MM139A,military_ground,afv,https://www.scalemates.com/de/kits/tamiya-mm139a-us-medium-tank-m3-lee-mk-i--1468159
421,Tamiya,M3A2 Half Track / M16 Multiple Gun Motor Carriage / M21 Half Track 81mm Mortar Carrier,1/35,MM170 / MM181 / MM183,military_ground,afv,https://www.scalemates.com/kits/tamiya-35070-m3a2-half-track--130064
358,Tamiya,M4 Sherman 105mm Howitzer,1/16,RT1601,military_ground,artillery,https://www.scalemates.com/kits/tamiya-rt1601-m4-sherman-105mm-howitzer--203645
153,Tamiya,M4 Sherman US Army Medium Tank M4A3E8,1/35,MT118,military_ground,afv,https://www.scalemates.com/kits/tamiya-mt118a-m4a3e8--1140321
151,Tamiya,M41 U.S. Tank M41 Walker Bulldog,1/35,35055,military_ground,afv,https://www.scalemates.com/kits/tamiya-35055-m41-walker-bulldog--1231793
167,Tamiya,M60A1,1/35,MT228,military_ground,afv,https://www.scalemates.com/kits/tamiya-mt228-m60a1-medium-tank--1112326
363,Tamiya,M60A1 / M60A2,1/35,MT128 / MT228 / MT138 / MT238,military_ground,afv,https://www.scalemates.com/kits/tamiya-mt128-m60a1--660860
160,Tamiya,M8 Greyhound,1/35,MT116,military_ground,afv,https://www.scalemates.com/kits/tamiya-mt116-m8-armored-car--1111172
355,Tamiya,Matra MS11,2022-12-01 00:00:00,BS1205,automotive,race_car,https://www.scalemates.com/kits/tamiya-12005-matra-ms11--122719
131,Tamiya,McLaren M8A,1/18,1810,automotive,race_car,https://www.scalemates.com/kits/tamiya-1810-mclaren-m8a--122753
359,Tamiya,Panther A / Jagdpanther,1/25,DT112 / DWT112 / DT113 / DTW113,military_ground,afv,https://www.scalemates.com/kits/tamiya-dt112-panzer-kampfwagen-v-panther-a--436920
142,Tamiya,Panzerkampfwagen II Ausf. F/G,1/35,35009,military_ground,afv,https://www.scalemates.com/kits/tamiya-35009-panzerkampfwagen-ii-ausf-f-g--1166601
143,Tamiya,Panzerkampfwagen III Ausf. M/N,1/35,MM111,military_ground,afv,https://www.scalemates.com/kits/tamiya-mm111-panzerkampfwagen-iii-ausf-m-n--132350
145,Tamiya,Panzerkampfwagen V Panther (Sd.kfz. 171) Ausf. A,1/35,35065,military_ground,afv,https://www.scalemates.com/kits/tamiya-35065-panther--1166606
141,Tamiya,Panzerkampfwagen VI Tiger I Ausf.E,1/35,MM156A,military_ground,afv,https://www.scalemates.com/kits/tamiya-mm156a-tiger-i--283954
157,Tamiya,Pkw. K1 (type 82) Kübelwagen German Volkswagen Jeep,1/35,MM106,military_ground,afv,https://www.scalemates.com/kits/tamiya-mm106-300-pkwk1-type82-kuebelwagen--166457
132,Tamiya,Porsche 910,1/18,10001,automotive,race_car,https://www.scalemates.com/kits/tamiya-10001-porsche-910--970075
135,Tamiya,Royal Army Chieftain Battle Tank,1/25,DTW108,military_ground,afv,https://www.scalemates.com/kits/tamiya-dtw108-chieftain-battle-tank--1112662
422,Tamiya,Russian Heavy Tank KV I Type C,1/35,MT134,military_ground,afv,https://www.scalemates.com/kits/tamiya-mt134-kv-1--193009
423,Tamiya,Russian Heavy Tank KV-II GIGANT,1/35,MM163,military_ground,afv,https://www.scalemates.com/kits/tamiya-mm163-kv-ii-gigant--103889
412,Tamiya,Russian Medium Tank T-34 Type 85,1/25,DT109 / DTW109,military_ground,afv,https://www.scalemates.com/kits/tamiya-dt109-1500-t-34-type-85--1048667
430,Tamiya,Russian Medium Tank T34/76,1/48,MS101,military_ground,afv,https://www.scalemates.com/kits/tamiya-ms101-275-t34-76--939241
413,Tamiya,Russian Tank Destroyer SU-100,1/25,DT110 / DTW110,naval,destroyer,https://www.scalemates.com/kits/tamiya-dt110-su-100--1112681
424,Tamiya,Russian Tank Destroyer SU-122 (some dups w/ SU-85),1/35,MM193,naval,destroyer,https://www.scalemates.com/kits/tamiya-mm193-su-122--184778
425,Tamiya,Russian Tank Destroyer SU-85 (some dups w/ SU-122 &T34-76),1/35,MM172,naval,destroyer,https://www.scalemates.com/kits/tamiya-mm72-tank-destroyer-su-85--132522
426,Tamiya,Russian Tank T-34/76,1/35,MM149 / MM159 / MT244 / MT144,military_ground,afv,https://www.scalemates.com/kits/tamiya-mm149-t34-76--132373
364,Tamiya,Russian Tank T-55,1/35,MT239,military_ground,afv,https://www.scalemates.com/kits/tamiya-mt239-900-t-55-russian-tank--998267
139,Tamiya,Schwerer Panzerspähwagen (8-Rad) Sd.Kfz. 232,1/35,MM136,military_ground,afv,https://www.scalemates.com/kits/tamiya-mm136-schwerer-panzerspaehwagen--115145
427,Tamiya,Scout Car Daimler Mk.II,1/35,MM118,aircraft,military_aircraft,https://www.scalemates.com/kits/tamiya-mm118-scout-car-daimler-mkii--1577125
428,Tamiya,Sd.Kfz 222 Leichter Panzerspahwagen (dups some 223 parts),1/35,MM151,military_ground,afv,https://www.scalemates.com/kits/tamiya-mm151-sdkfz-222-leichter-panzerspaehwagen--192978
429,Tamiya,Sd.Kfz 223 Leichter Panzerspähwagen (Fu) (dups 222 parts),1/35,MM162,military_ground,afv,https://www.scalemates.com/kits/tamiya-mm162-sdkfz-223-leichter-panzerspaehwagen-fu--130063
136,Tamiya,Self-Propelled AA Gun M-42 Duster,1/35,30027,military_ground,afv,https://www.scalemates.com/kits/tamiya-30027-m42-duster--156070
155,Tamiya,Sturmgeschutz III Ausf.G,1/35,MM114,military_ground,afv,https://www.scalemates.com/kits/tamiya-mm114-sturmgeschuetz-iii-ausfg--132352
356,Tamiya,Texco Marlboro McLaren M23,2022-12-01 00:00:00,BS1216,automotive,race_car,https://www.scalemates.com/kits/tamiya-12017-yardley-mclaren-m23--122859
357,Tamiya,Tyrrell Ford F-1,2022-12-01 00:00:00,BS1209,automotive,race_car,https://www.scalemates.com/kits/tamiya-12009-tyrrell-ford-f-1--122723
163,Tamiya,U.S. Aircraft Carrier Enterprise Waterline Series,1/700,WL.A114,naval,carrier,https://www.scalemates.com/kits/tamiya-wla114-enterprise--157191
377,Tamiya,U.S. Aircraft Carrier Hornet / Enterprise,1/700,WL.A110 / WL.A114,naval,carrier,https://www.scalemates.com/kits/tamiya-wla110-hornet-cv-8--153460
154,Tamiya,U.S. Armoured Command Post M577,1/35,35071,military_ground,afv,https://www.scalemates.com/kits/tamiya-35071-armoured-command-post-m577--132521
411,Tamiya,U.S. Heavy Field Piece M2 Gun,1/21,DT103,military_ground,artillery,https://www.scalemates.com/kits/tamiya-dt103-m2-gun--1112541
150,Tamiya,U.S. Tank Destroyer M36 Jackson,1/35,MT135,naval,destroyer,https://www.scalemates.com/kits/tamiya-mt135-us-tank-destroyer-m36-jackson--1110870
365,Tamiya,U.S.Armoured Command Post M577,1/35,MM171 / 35071,military_ground,afv,https://www.scalemates.com/kits/tamiya-mm171-command-post-car-m577--209361
366,Tamiya,U.S.Tank Destroyer M36 Jackson,1/35,MT135,naval,destroyer,https://www.scalemates.com/kits/tamiya-mt135-tank-destroyer-m36-jackson--184846
144,Tamiya,U.S.Tank M551 Sheridan,1/35,MT231,military_ground,afv,https://www.scalemates.com/kits/tamiya-mt231-m551-sheridan--225568
161,Tamiya,US Army Medium Tank M60A1E1,1/48,MS106-275,military_ground,afv,https://www.scalemates.com/kits/tamiya-ms106-m60a1e1--939826
433,Tamiya,Vosper Fast Patrol Boat Perkasa,1/72,PT7201,aircraft,military_aircraft,https://www.scalemates.com/kits/tamiya-pt7201-vosper-fast-patrol-boat-perkasa--106084
125,Tamiya,Yardley McLaren M23 (Ford) 1974,2022-12-01 00:00:00,12017,automotive,race_car,https://www.scalemates.com/kits/tamiya-12017-yardley-mclaren-m23--122859
367,Tamiya,Zündapp KS750 & BMW R75,1/35,MM116,military_ground,afv,https://www.scalemates.com/kits/tamiya-mm116-bmw-r75--132354
448,Tamiya / Hawk,Great Britain 18ton Light Tank Crusader II,1/50,PM1002-100 / 642-50,military_ground,afv,https://www.scalemates.com/kits/tamiya-2-crusader-ii--1112882
378,Tamiya-MRC,M41 Walker Bulldog with 4 Army figures,1/35,MT307-598,military_ground,afv,https://www.scalemates.com/kits/tamiya-35055-m41-walker-bulldog--1231793
434,Tomy,Steyr RSO/01 - German Army Military Tractor,1/35,3508.0,military_ground,support_vehicle,https://www.scalemates.com/kits/tomy-3508-steyr-rso-01--167251
316,n.n.,that mysterious Tiger,No scale,,military_ground,afv,
